{"stats":{"minecraft:used":{"minecraft:purple_stained_glass":8,"minecraft:yellow_concrete_powder":47,"minecraft:white_wool":1,"minecraft:purple_concrete":161,"minecraft:black_concrete":347,"minecraft:repeater":4,"minecraft:magenta_wool":1,"minecraft:light_blue_concrete":33,"minecraft:snow_block":17,"minecraft:light_gray_concrete":15,"minecraft:yellow_stained_glass":10,"minecraft:string":1,"minecraft:light_gray_concrete_powder":11,"minecraft:oak_sign":44,"minecraft:yellow_concrete":15,"minecraft:light_blue_terracotta":53,"minecraft:cyan_concrete":2,"minecraft:white_concrete_powder":1,"minecraft:magenta_concrete":30,"minecraft:white_terracotta":1,"minecraft:white_concrete":101,"minecraft:gray_concrete":405,"minecraft:magenta_concrete_powder":134,"minecraft:gray_concrete_powder":60,"minecraft:blue_concrete":5,"minecraft:glow_ink_sac":4,"minecraft:purple_concrete_powder":276},"minecraft:custom":{"minecraft:time_since_rest":10405548,"minecraft:crouch_one_cm":1205,"minecraft:play_time":10405548,"minecraft:sprint_one_cm":287,"minecraft:walk_one_cm":2842,"minecraft:sneak_time":310203,"minecraft:drop":6,"minecraft:jump":35,"minecraft:leave_game":13,"minecraft:time_since_death":10405548,"minecraft:total_world_time":19397695,"minecraft:fly_one_cm":9911979},"minecraft:dropped":{"minecraft:yellow_concrete_powder":1,"minecraft:yellow_stained_glass":1,"minecraft:white_concrete":2,"minecraft:repeater":1,"minecraft:yellow_concrete":1}},"DataVersion":3700}